[{"pk": 2, "model": "profile.exuserprofile", "fields": {"is_candid": false}}, {"pk": 3, "model": "profile.exuserprofile", "fields": {"is_candid": true}}, {"pk": 4, "model": "profile.exuserprofile", "fields": {"is_candid": false}}, {"pk": 5, "model": "profile.exuserprofile", "fields": {"is_candid": true}}, {"pk": 6, "model": "profile.exuserprofile", "fields": {"is_candid": true}}, {"pk": 7, "model": "profile.exuserprofile", "fields": {"is_candid": true}}, {"pk": 8, "model": "profile.exuserprofile", "fields": {"is_candid": true}}, {"pk": 9, "model": "profile.exuserprofile", "fields": {"is_candid": true}}, {"pk": 10, "model": "profile.exuserprofile", "fields": {"is_candid": true}}, {"pk": 13, "model": "profile.exuserprofile", "fields": {"is_candid": true}}, {"pk": 14, "model": "profile.exuserprofile", "fields": {"is_candid": false}}, {"pk": 2, "model": "profile.profile_emp", "fields": {"town": "10", "city": "Troyes", "is_candid": false, "phone": "0697139212", "created_at": "2015-04-23T13:50:06Z", "address": "12 rue mar\u00e9chal Foch", "website": "www.entreprise.com", "society": "entreprise_de_test", "postal_code": "10000", "representant": "John Doe", "siret": "123123123", "presentation": "lorem ipsum dolore sit amet v v lorem ipsum dolore sit amet lorem ipsum dolore sit amet lorem ipsum dolore sit amet v v v lorem ipsum dolore sit ametlorem ipsum dolore sit ametlorem ipsum dolore sit amet lorem ipsum dolore sit amet lorem ipsum dolore sit amet <b>lorem ipsum dolore sit amet</b><br>", "region": "7", "down_counter": 0}}, {"pk": 4, "model": "profile.profile_emp", "fields": {"town": "10", "city": "Troyes", "is_candid": false, "phone": "0760832201", "created_at": "2015-04-24T07:47:06Z", "address": "14 rue marcel Gromaire", "website": "www.streetpub.fr", "society": "streetpub", "postal_code": "10000", "representant": "L\u00e9on Benard", "siret": "528114879", "presentation": "Street  Pub est une agence de communication globale pr\u00e9sente au niveau \r\nnational, ayant  pour r\u00f4le d\u2019\u00eatre \u00e0 votre \u00e9coute pour vous conseiller et\r\n vous accompagner tout  au long de votre projet de communication. <br>\r\n<br>\r\n  Notre  savoir-faire et notre passion pour la communication nous \r\npermettent de vous  proposer un ensemble de techniques de communication \r\ninnovantes tr\u00e8s  vari\u00e9es.<br>", "region": "7", "down_counter": 0}}, {"pk": 14, "model": "profile.profile_emp", "fields": {"town": "10", "city": "Troyes", "is_candid": false, "phone": "0650323941", "created_at": "2015-05-23T22:08:58Z", "address": "12 rue de preize", "website": "www.lambda.com", "society": "entreprise_lambda", "postal_code": "10000", "representant": "John Doe", "siret": "121212121", "presentation": "", "region": "7", "down_counter": -2}}, {"pk": 3, "model": "profile.profile_candid", "fields": {"last_name": "Dam", "document_odt": "", "telephone": "0668488919", "wanted_job": "test", "postal_code": "10000", "contract": "all", "city": "10", "sector1": "all", "sector3": "0", "sector2": "0", "views": "47", "certification": "", "motivations": "Beaucoup de chose<br>", "languages": "Anglais, Espagnol", "document": "", "adress": "7, place de soest", "document_word": "uploads/pdfs/Document1.docx", "status": "1", "salary": "all", "profess_exp": "", "disponibility": "all", "period": "0", "mobility1": "0", "mobility2": "0", "mobility3": "0", "town": "Troyes", "is_candid": true, "prenom": "L\u00e9a", "study_level": "4", "created_at": "2015-04-24T07:34:44Z", "experience": null, "other_skills": "Licence 3 \u00c9conomie et Gestion - Syst\u00e8me d'Information<br><br>DUT Techniques de Commercialisation<br><br>Baccalaur\u00e9at Economique et Social<br>", "wtd_job_slug": "test", "region": "7"}}, {"pk": 5, "model": "profile.profile_candid", "fields": {"last_name": "Chosson de montgomery", "document_odt": "", "telephone": "07 83 24 84 25", "wanted_job": "aide comptable - agent administratif", "postal_code": "56550", "contract": "5", "city": "54", "sector1": "all", "sector3": "0", "sector2": "0", "views": "6", "certification": "", "motivations": "", "languages": "francais", "document": "", "adress": "Ty Er Chir ", "document_word": "uploads/pdfs/CV_AIDE_COMPTABLE_2_1.docx", "status": "all", "salary": "3", "profess_exp": "", "disponibility": "1", "period": "0", "mobility1": "0", "mobility2": "0", "mobility3": "0", "town": "Locoal-Mendon", "is_candid": true, "prenom": "Marcel", "study_level": "4", "created_at": "2015-04-25T20:44:46Z", "experience": "8", "other_skills": "", "wtd_job_slug": "aide-comptable-agent-administratif", "region": "6"}}, {"pk": 6, "model": "profile.profile_candid", "fields": {"last_name": "Ravarit", "document_odt": "", "telephone": "06.50.32.39.41", "wanted_job": "directeur", "postal_code": "17220 ", "contract": "9", "city": "17", "sector1": "35", "sector3": "0", "sector2": "0", "views": "3", "certification": "", "motivations": "", "languages": "francais, anglais", "document": "uploads/pdfs/CV_2013_2014.pdf", "adress": "4 rue de la mare", "document_word": "", "status": "2", "salary": "2", "profess_exp": "", "disponibility": "1", "period": "0", "mobility1": "0", "mobility2": "0", "mobility3": "0", "town": "Sainte Soulle", "is_candid": true, "prenom": "Nassima", "study_level": "3", "created_at": "2015-04-25T20:56:37Z", "experience": "8", "other_skills": "", "wtd_job_slug": "directeur", "region": "19"}}, {"pk": 7, "model": "profile.profile_candid", "fields": {"last_name": "Worm", "document_odt": "", "telephone": "06 70 93 40 28", "wanted_job": "operateur de production", "postal_code": "59970", "contract": "5", "city": "57", "sector1": "18", "sector3": "0", "sector2": "0", "views": "3", "certification": "", "motivations": "", "languages": "francais", "document": "", "adress": "245 rue de la haute ville", "document_word": "uploads/pdfs/NVO_CV_CL.docx", "status": "1", "salary": "0", "profess_exp": "", "disponibility": "2", "period": "0", "mobility1": "0", "mobility2": "0", "mobility3": "0", "town": "ODOMEZ", "is_candid": true, "prenom": "Claire", "study_level": "8", "created_at": "2015-04-25T21:02:25Z", "experience": "4", "other_skills": "", "wtd_job_slug": "operateur-de-production", "region": "1"}}, {"pk": 8, "model": "profile.profile_candid", "fields": {"last_name": "Lecleve", "document_odt": "", "telephone": "0642478954", "wanted_job": "Cuisinier", "postal_code": "78250", "contract": "5", "city": "76", "sector1": "39", "sector3": "0", "sector2": "0", "views": "16", "certification": "", "motivations": "", "languages": "", "document": "uploads/pdfs/image_1.pdf", "adress": "18 rue de la chaine", "document_word": "", "status": "2", "salary": "all", "profess_exp": "", "disponibility": "1", "period": "0", "mobility1": "0", "mobility2": "0", "mobility3": "0", "town": "Meulan-en-yvelines", "is_candid": true, "prenom": "Mathieu", "study_level": "2", "created_at": "2015-04-25T21:13:27Z", "experience": "8", "other_skills": "", "wtd_job_slug": "cuisinier", "region": "5"}}, {"pk": 9, "model": "profile.profile_candid", "fields": {"last_name": "SCHOWING", "document_odt": "", "telephone": "0632246926", "wanted_job": "charg\u00e9 de communication", "postal_code": "68127", "contract": "5", "city": "68", "sector1": "9", "sector3": "0", "sector2": "0", "views": "3", "certification": "<p>Ma\u00eetrisant la conception graphique, les techniques audiovisuelles ainsi que la gestion des supports m\u00e9dias associ\u00e9s, c\u2019est par une communication&nbsp; cr\u00e9ative et multisupport que je m\u2019efforce de r\u00e9pondre aux demandes qui me sont adress\u00e9es. Cr\u00e9ation d\u2019identit\u00e9 graphique, montage vid\u00e9o, impression sur grande surface, int\u00e9gration de photos sur fond vert, marquage en toute sorte, r\u00e9daction d\u2019articles ou encore conception et am\u00e9nagement d\u2019atelier m\u00e9t\u00e9o en direct, se sont autant de projets d\u2019une grande diversit\u00e9 qui m\u2019ont \u00e9t\u00e9 confi\u00e9s.&nbsp;</p><p>La communication interpersonnelle \u00e9tant une notion tr\u00e8s importante dans mon quotidien, j\u2019attache une importance particuli\u00e8re au bon maintien des relations avec mon environnement professionnel. Curieux par nature, j\u2019aime \u00e0 croire qu\u2019un bon communicant d\u2019entreprise se doit d\u2019entretenir et d\u2019\u00e9largir son r\u00e9seau afin d\u2019\u00eatre au plus pr\u00e8s de l\u2019information et de pouvoir au mieux la valoriser.&nbsp;</p><div><br></div><div><br></div>", "motivations": "<p>Autonome, organis\u00e9 et dot\u00e9 d\u2019un tr\u00e8s&nbsp;bon relationnel, c\u2019est en tant que charg\u00e9 de communication que je souhaite aujourd'hui mettre mes services \u00e0 disposition de votre image ou \u00e0 celle de votre&nbsp;entreprise. Toujours en recherche de nouveaut\u00e9 et me tenant inform\u00e9 des tendances en terme de&nbsp;communication d'aujourd'hui, c'est par r\u00e9elle passion pour ce domaine que je me voue \u00e0 cr\u00e9er votre communication.</p><p>La communication interpersonnelle \u00e9tant \u00e9galement une notion tr\u00e8s importante dans mon quotidien, j\u2019attache une importance particuli\u00e8re au bon maintien des relations avec mon environnement professionnel. Curieux par nature, j\u2019aime \u00e0 croire qu\u2019un bon communicant se doit d\u2019entretenir et d\u2019\u00e9largir son r\u00e9seau afin d\u2019\u00eatre au plus pr\u00e8s de l\u2019information et de pouvoir au mieux la valoriser. &nbsp;<br></p><div><br></div>", "languages": "", "document": "uploads/pdfs/CV_JT_2015_-_INT.pdf", "adress": "27 Rout de B\u00e2le", "document_word": "", "status": "2", "salary": "6", "profess_exp": "<p><b><u>Sept 2013 - Aujourd\u2019hui</u></b></p>\r\n<p><b>Charg\u00e9 de communication interne -</b><b>- EDF Centrale Nucl\u00e9aire de Fessenheim</b></p>\r\n<p>Publication d\u2019articles : journal interne et site intranet&nbsp;</p>\r\n<p>Photographie &amp; Vid\u00e9o : reportages, retouches, montage, diffusion sur intranet et projection lors d\u2019\u00e9v\u00e9nements</p>\r\n<p>PAO : cr\u00e9ations graphiques (logos, plaquettes, d\u00e9pliants, kak\u00e9monos, marquage multi surface, etc.) int\u00e9gration fond vert</p>\r\n<p>\u00c9v\u00e9nementiel : organisation, d\u00e9marchage pr\u00e9stataires, mise en place et gestion budg\u00e9taire&nbsp;</p>\r\n<p><b><u>Avr 2012 - Juil 2012</u></b></p>\r\n<p><b>Infographiste </b><b>&amp;</b><b> charg\u00e9 de projets \u00e9v\u00e9nementiels -</b><b>- INNOV\u2019events - Agence \u00e9v\u00e9nementielle \u00e0 Mulhouse</b></p>\r\n<p>Cr\u00e9ation des supports de communication print et vid\u00e9o</p>\r\n<p>Rendez-vous pour brief clients</p>\r\n<p>Gestion des \u00e9v\u00e9nements de la conception papier au retour d\u2019exp\u00e9rience : team building, portes ouvertes, salons, etc.</p>\r\n<p><b>R\u00e9alisation du court m\u00e9trage</b><b> \u00ab </b><b>La Lettre</b><b> \u00bb </b><b>-</b><b>- IUT Mulhouse</b></p>\r\n<p>Film r\u00e9compens\u00e9 du premier prix du jury au Festival des rencontres vid\u00e9os du Havre&nbsp; &nbsp; &nbsp; &nbsp;</p>\r\n<p><b><u>Sept 2011 - Aujourd\u2019hui</u></b></p>\r\n<p><b>Webdesigner</b><b> &amp; </b><b>Community Manager -</b><b>- Association \u00abUne Rose Un Espoir\u00bb</b></p>\r\n<p>Conception et mise \u00e0 jour du site www.uneroseunespoir-woustviller.fr</p>\r\n<p>R\u00e9daction et cr\u00e9ation de supports de communication (badges, affiches, articles)</p>\r\n<p>Animation des r\u00e9seaux sociaux (facebook, twitter, instagram, flickr)&nbsp;<b> &nbsp;</b></p>", "disponibility": "1", "period": "0", "mobility1": "68", "mobility2": "67", "mobility3": "0", "town": "Sainte Croix en Plaine", "is_candid": true, "prenom": "Jean-Thomas", "study_level": "4", "created_at": "2015-05-13T11:22:23Z", "experience": "4", "other_skills": "<p>C\u2019est aujourd\u2019hui dipl\u00f4m\u00e9 d\u2019un DUT \u00abService et R\u00e9seaux de Communication\u00bb ainsi que d\u2019une Licence Professionnelle \u00abCharg\u00e9 de Communication\u00bb, formations dispens\u00e9es \u00e0 l\u2019IUT de Mulhouse, que je recherche un emploi en tant que Charg\u00e9 de Communication ou Graphiste PAO. &nbsp;</p><div><br></div>", "wtd_job_slug": "charge-de-communication", "region": "8"}}, {"pk": 10, "model": "profile.profile_candid", "fields": {"last_name": "Chiheb", "document_odt": "", "telephone": "0652470544", "wanted_job": "Analyste developpeur", "postal_code": "10000", "contract": "5", "city": "10", "sector1": "5", "sector3": "0", "sector2": "11", "views": "5", "certification": "", "motivations": "", "languages": "anglais, arabe", "document": "uploads/pdfs/cv_moncef.pdf", "adress": "29 sentier de l'all\u00e9e", "document_word": "", "status": "1", "salary": "9", "profess_exp": "", "disponibility": "1", "period": "0", "mobility1": "75", "mobility2": "42", "mobility3": "64", "town": "troyes", "is_candid": true, "prenom": "Mounsif", "study_level": "6", "created_at": "2015-05-14T16:47:00Z", "experience": "3", "other_skills": "", "wtd_job_slug": "analyste-developpeur", "region": "7"}}, {"pk": 13, "model": "profile.profile_candid", "fields": {"last_name": "Schillot", "document_odt": "", "telephone": "0659332900", "wanted_job": "Caissier", "postal_code": "54490", "contract": "5", "city": "54", "sector1": "10", "sector3": "38", "sector2": "14", "views": "2", "certification": "<ul>\r\n\t<li><p>Gestion\r\n\tdes stocks, R\u00e9ception, inventaire et v\u00e9rification des produits</p>\r\n</li></ul>\r\n<ul>\r\n\t<li><p>Pr\u00e9paration\r\n\tdes commandes, Facing, \u00e9tiquetage et classement des produits</p>\r\n</li></ul>\r\n<ul>\r\n\t<li><p>Saisie\r\n\tinformatique tel que Excel et Word</p>\r\n\t</li><li><p>Technique\r\n\tde rotation (Produits alimentaire)</p>\r\n\t</li><li><p>Nettoyage\r\n\tdes sols, Technique de nettoyage vitres, plonge, Utilisation de\r\n\tl'auto-laveuse</p>\r\n\t</li><li><p>Utilisation\r\n\tde la caisse enregistreuse, Appareil Codes-barre.</p>\r\n</li></ul>", "motivations": "<p>Madame, Monsieur,\t\t\t\t\t\t   \r\n \r\n</p>\r\n<p><br>\r\n</p>\r\n<p>\tActuellement en situation\r\nde recherche d'emploi, je serais int\u00e9ress\u00e9 par un poste en caissier\r\npolyvalent afin de mettre en pratique mes services au sein de votre\r\nentreprise. \r\n</p>\r\n<p><br>\r\n</p>\r\n<p>Sociable, Dynamique,\r\nPonctuel, Souriant, Rapide, D\u00e9termin\u00e9, S\u00e9rieux, Rigoureux, A\r\nl'\u00e9coute des autres, je m'adapte facilement aux travaux demand\u00e9s.</p>\r\n<p>De ce fait, mes r\u00e9flexions\r\nm'ont amen\u00e9 a postuler a ce type de poste qui, je pense, me\r\ncorrespond bien.</p>\r\n<p><br>\r\n</p>\r\n<p>Je reste a votre\r\ndisposition pour tous renseignements compl\u00e9mentaires.</p>\r\n<p>Veuillez Agr\u00e9er, Madame,\r\nMonsieur l'expression de mes sentiments les plus respectueux.</p>", "languages": "Fran\u00e7ais", "document": "uploads/pdfs/CV_Mathieu_Schillot_.pdf", "adress": "6 rue Simon", "document_word": "", "status": null, "salary": "1", "profess_exp": "<p>Leader\r\nPrice (Magasin alimentaire) Employ\u00e9 Caissier Longuyon\r\n(54)</p><p>Cora\r\n(Magasin alimentaire) Employ\u00e9 Magasinier Lun\u00e9ville\r\n(54)</p><p>P\u00e9pini\u00e8re\r\nKoenig (Horticulteur) Employ\u00e9 Paysagiste Barbonville\r\n(54)</p><p>ALDI\r\n(Magasin alimentaire) Employ\u00e9 Magasiner Blainville-sur-l'eau\r\n(54)</p><p>F\u00e9d\u00e9ration\r\nde Vente Direct LR (Vendeur \u00e0 Domicile Ind\u00e9pendant) Sant\u00e9, Hygi\u00e8ne, Cosm\u00e9tique, Nutrition, Compl\u00e9ment\r\nalimentaire. Tucquegnieux (54)</p><p>Campanile\r\n(Restauration) Stagiaire Commis de cuisine Lun\u00e9ville\r\n(54)</p><p>Stagiaire\r\nchez Logidis Agent de s\u00e9curit\u00e9 Moncel-Les-Lun\u00e9ville\r\n(54)</p>", "disponibility": "1", "period": "all", "mobility1": "54", "mobility2": "55", "mobility3": "57", "town": "Piennes", "is_candid": true, "prenom": "Mathieu", "study_level": "8", "created_at": "2015-05-23T10:47:16Z", "experience": "3", "other_skills": "<p>2007-2009: Niveau\r\nCAP Agent d'Entreposage et de Messagerie (Lun\u00e9ville)</p><p>2011: Ecole de la Deuxi\u00e8me Chance\r\n(Lun\u00e9ville)</p>", "wtd_job_slug": "caissier", "region": "18"}}, {"pk": 1, "model": "profile.perception", "fields": {"is_seen": true, "candid": 3, "created": "2015-04-24T07:51:57Z", "employer": 4}}, {"pk": 2, "model": "profile.perception", "fields": {"is_seen": true, "candid": 3, "created": "2015-04-24T11:40:40Z", "employer": 2}}, {"pk": 3, "model": "profile.perception", "fields": {"is_seen": true, "candid": 5, "created": "2015-04-25T20:48:50Z", "employer": 2}}, {"pk": 4, "model": "profile.perception", "fields": {"is_seen": true, "candid": 8, "created": "2015-04-27T07:26:32Z", "employer": 4}}, {"pk": 5, "model": "profile.perception", "fields": {"is_seen": true, "candid": 7, "created": "2015-04-27T07:54:31Z", "employer": 4}}, {"pk": 6, "model": "profile.perception", "fields": {"is_seen": true, "candid": 6, "created": "2015-04-27T09:06:26Z", "employer": 4}}, {"pk": 7, "model": "profile.perception", "fields": {"is_seen": true, "candid": 5, "created": "2015-04-27T13:41:07Z", "employer": 4}}, {"pk": 8, "model": "profile.perception", "fields": {"is_seen": true, "candid": 8, "created": "2015-04-28T14:06:00Z", "employer": 2}}, {"pk": 9, "model": "profile.perception", "fields": {"is_seen": true, "candid": 9, "created": "2015-05-13T16:34:12Z", "employer": 2}}, {"pk": 10, "model": "profile.perception", "fields": {"is_seen": true, "candid": 10, "created": "2015-05-14T21:16:24Z", "employer": 2}}, {"pk": 11, "model": "profile.perception", "fields": {"is_seen": true, "candid": 13, "created": "2015-05-23T22:04:47Z", "employer": 2}}, {"pk": 12, "model": "profile.perception", "fields": {"is_seen": true, "candid": 10, "created": "2015-05-23T22:10:54Z", "employer": 14}}, {"pk": 13, "model": "profile.perception", "fields": {"is_seen": true, "candid": 13, "created": "2015-05-23T22:19:21Z", "employer": 14}}, {"pk": 3, "model": "profile.application", "fields": {"person": 3, "company": 4, "created": "2015-05-17T21:01:53Z", "is_seen": false, "offer": "pt3EQIRT"}}, {"pk": 3, "model": "profile.appreciation", "fields": {"person": 3, "company": 2, "created": "2015-05-16T10:52:05Z", "offer": "gLcPaIkY"}}, {"pk": 4, "model": "profile.appreciation", "fields": {"person": 3, "company": 2, "created": "2015-05-16T10:52:16Z", "offer": "Qs5lj9Qc"}}, {"pk": 5, "model": "profile.appreciation", "fields": {"person": 3, "company": 4, "created": "2015-05-17T21:01:36Z", "offer": "pt3EQIRT"}}, {"pk": 1, "model": "profile.alert", "fields": {"person": 3, "company": 2, "is_seen": false, "created": "2015-04-24T08:01:30Z"}}, {"pk": 2, "model": "profile.alert", "fields": {"person": 3, "company": 4, "is_seen": true, "created": "2015-04-24T09:12:48Z"}}, {"pk": 1, "model": "profile.download", "fields": {"person": 10, "company": 14, "created": "2015-05-23T22:17:37Z"}}, {"pk": 2, "model": "profile.download", "fields": {"person": 13, "company": 14, "created": "2015-05-23T22:19:27Z"}}]